"id","breed_name","height","weight","lifespan","health","recommended_tests","what_to_feed","how_to_feed","nutritional_tips"
"1","吉娃娃","12.7-20.3 公分","不超過 2.7 公斤","14-16 年","大多數吉娃娃都是健康的小狗，但有些遺傳問題可能會影響這個品種。您應該從飼養員那裡選擇狗，飼養員會定期對所有種畜進行基因健康檢查，以確保他們生產的小狗盡可能具有基因健康。可能影響吉娃娃的一些問題包括潛在的心臟問題（動脈導管未閉、二尖瓣疾病）、眼疾和髕骨脫位（膝蓋骨鬆動）。據了解，該品種還會發生特發性癲癇。","髕骨評估 |心臟檢查 |眼科醫師評估","吉娃娃容易肥胖，因此，給它們均衡的飲食和每天運動非常重要。如果發現成年吉娃娃體重增加，應餵食低熱量飲食。否則，建議每天兩次均衡的成人小口飲食。
建議餵食吉娃娃乾粗飼料，以減少罹患牙周病的風險。這是因為乾粗磨食物對牙齒有磨蝕作用，可以去除一些牙菌斑。一定要注意監控你的吉娃娃的零食和小吃——即使是幾卡路里的熱量，對於玩具犬來說也會累積起來。","根據獸醫的建議，吉娃娃幼犬應該經常餵食（每天三到四次），以避免低血糖。高脂肪、高蛋白質和高複合碳水化合物的飲食也會降低低血糖問題的風險。
用高架狗碗餵養 Chi 可以幫助患有氣管塌陷的老年犬。如果您的小狗低下頭吃東西，這可能會導致呼吸道閉合併引起咳嗽。","可能有益於該品種健康的補充劑包括歐米茄脂肪酸，它對狗的心臟、大腦、皮膚和關節都有好處。您的獸醫團隊可能也會建議您使用牙齒咀嚼物和補充劑來降低牙周病的風險。"
"2","博美犬","15.2-17.8 公分","1.4-3.2 公斤","12-16 年","博美犬通常是健康的小型犬，負責任的飼養者會篩檢其寵物是否患有髕骨脫位（膝蓋骨滑出原位）、甲狀腺功能減退、氣管塌陷、充血性心臟衰竭、癲癇和 X 脫髮（黑皮病）等健康問題。動物骨科基金會 (OFA) 是一個在公共資料庫中保存健康篩檢資訊的註冊機構。當考慮飼養一隻小狗時，請務必向飼養員索取該窩小狗父母的 OFA 結果副本。","髕骨評估 |心臟檢查 |眼科醫師評估","由於博美犬容易出現低血糖症，因此餵食它們高品質的狗糧非常重要。符合美國飼料管理協會 (AAFCO) 標準的食物是確保您的博美犬獲得所需的所有營養的最佳起點。
請諮詢您的獸醫以選擇最好的狗糧，並始終給您的博美犬餵食為其當前生命階段配製的食物：為博美犬幼犬餵食幼犬糧，為至少 1 歲的博美犬餵食成犬糧，為老年犬餵食老年犬糧。
您甚至可以為您的博美犬餵食特定品種的食物。","由於博美犬幼犬的新陳代謝快，脂肪儲存少，因此需要經常餵食，一天餵多次。
成年和老年博美犬每天應至少餵食三次，以繼續預防低血糖的風險。老年博美犬也應攝取含有抗氧化劑的食物，有助於防止自由基損傷，並有助於減緩老化的一些影響，例如認知能力下降。","由於博美犬可能有皮膚、眼睛和關節問題，因此與獸醫討論在它們的飲食中添加適合狗的補充劑可能會有所幫助。您的獸醫可能會建議餵食您的狗 Omega-3 脂肪酸（魚油）和/或關節補充劑，如軟骨素或葡萄糖胺。
在沒有先諮詢獸醫的情況下，切勿給你的狗餵食補充劑。"
"3","約克夏","17.8-20.3 公分","3.2 公斤","11-15 年","約克夏梗犬通常都是健康的狗，負責任的飼養者會篩檢其犬隻的健康情況，例如眼部異常和髕骨脫位（一種膝蓋骨脫臼，在人類中曾被稱為「膝蓋扭傷」）。為了避免後者，應注意限制約克夏犬的跳躍高度，尤其是在幼犬時期。","髕骨評估 |眼科醫師評估","餵食經美國飼料管理協會 (AAFCO) 批准的商業粗磨飼料或濕狗糧是確保您的約克夏梗犬獲得完整均衡飲食的好方法。
約克夏幼犬應該餵食專為幼犬配製的食物或指定用於「所有生命階段」的食物。對於成年犬，獸醫可能會建議採用以牙齒保健為重點的飲食，以幫助預防牙齒疾病。","因為約克夏犬是小型犬，成犬每天餵食兩到三次即可。然而，約克夏幼犬每天應該吃三到四頓小餐來幫助維持血糖。
專為小嘴巴設計的粗磨食物最適合約克夏梗犬。","健康的約克夏梗犬應該從 AAFCO 認可的狗糧中獲取所有必需的營養。但是您的獸醫可能會根據您的狗的特定健康需求為其推薦某些補充劑。
約克夏犬可以從飲食中添加 Omega-3 脂肪酸 (DHA/EPA) 中受益。 Omega-3 脂肪酸具有天然抗炎作用，有助於維護皮膚、毛髮、腎臟、關節和心臟的健康，它們存在於皮膚和關節補充劑、魚油以及一些專門配製的狗糧中，例如 Purina® Pro Plan® Bright Mind 狗糧。"
"4","西施犬","22.9-26.7 公分","4.1-7.3 公斤","10-18 年","由於皮毛厚且臉短，西施犬不耐熱，也不擅長游泳。大部分西施犬通常都很健康，負責任的飼養者會篩檢寵物的健康狀況，例如髖關節發育不良、髕骨脫位（膝蓋骨滑脫）、眼部異常（包括白內障）、進行性視網膜萎縮、視網膜脫落，以及由於眼瞼閉合不當導致過度暴露在空氣中而引起的角膜乾燥和發炎。","沒有建議的健康檢查","西施犬容易肥胖，因此，餵食它們均衡的飲食並避免全天餵食過多零食非常重要。建議成人每天兩次均衡的小份飲食。
寵物主人也應考慮餵食西施犬乾粗磨食物而不是罐頭食品，以減少牙周病的風險，因為乾粗磨食物具有研磨作用，可以去除一些牙菌斑。針對牙齒的飲食也有益處。
您還可以找到專為成年西施犬和幼犬配製的食物。","西施幼犬需要頻繁進食（每天約三到四頓），以避免低血糖症的風險。高脂肪、高蛋白質和複合碳水化合物的飲食將降低低血糖問題的風險，精心配製的幼犬小型犬飲食通常包含所有這些成分。
當您的西施犬幼犬長到一歲左右時，慢慢地讓其過渡到成年犬糧。","如果您的西施犬吃的狗糧符合美國飼料管理協會 (AAFC) 的指導方針，那麼除非您的獸醫建議，否則它們不需要任何額外的補充。
可以支持此品種健康的狗補充劑包括歐米茄脂肪酸，它對西施犬的心臟、大腦、皮膚和關節有益。您的獸醫也可能建議您使用牙齒咀嚼物來減少牙周病的風險。"
"5","馬爾濟斯","17.8-22.9 公分","小於 3.2 公斤","12-15 年","馬耳他犬是一種健康的犬種，幾乎沒有健康問題，通常可以活到兩位數。負責任的飼養者會對牲畜進行健康狀況篩檢，例如髕骨脫位和心臟異常，例如 PDA（動脈導管未閉）。建議對馬耳他犬幼犬進行膽汁酸測試，以排除肝分流和微血管發育不良（MVD）等先天性肝臟問題。據報道，馬耳他人患有腦炎（又稱 GME）。目前，尚無可用的篩檢測試。美國馬耳他犬協會正在與研究人員合作尋找答案，並可能在不久的將來進行基因測試。與所有玩具犬種一樣，牙齒保養非常重要，馬耳他犬應該每天用專為狗配製的牙膏刷牙，並在獸醫處進行常規清潔。","髕骨評估 |心臟檢查 |血清膽汁酸","為馬耳他犬選擇最佳的飲食取決於每隻狗的特定需求。
雖然選擇含有高品質成分的飲食始終很重要，但最好與您的獸醫討論飲食。獸醫可以根據您狗的具體病史提出建議。
您選擇的狗糧必須符合美國飼料管理協會（AAFCO）制定的營養標準。甚至還有一些專為馬耳他犬設計的品種特定狗糧；詢問您的獸醫這些是否對您的狗來說是好的選擇。","由於體型較小，如果馬耳他犬幼犬全天沒有吃足夠的食物，很容易患低血糖（低血糖）。可以透過每天給小狗吃三到四次小餐來避免這種情況，直到它們大約四個月大。
在這個年齡，他們的身體更適合調節血糖水平，他們可以過渡到每天兩餐（或三餐，如果需要的話）。成年馬耳他犬通常每天吃兩頓飯，早上和晚上。
馬耳他犬容易肥胖。避免過度餵養你的小狗，以便它們能夠保持健康的體重和身體狀況。","對於患有髕骨脫位的馬耳他犬，給它們提供含有葡萄糖胺和軟骨素的關節補充劑可能會有益。此外，Omega-3 補充劑（魚油）有助於保護關節健康，並保持皮膚和毛髮茂盛柔軟。
在給你的狗餵食補充劑之前，請務必先諮詢你的獸醫。"
"6","臘腸犬","12.7-15.2 公分","5.0 公斤以下","12-16 年","臘腸犬通常是一種健康的犬種，只要照顧得當，飲食合理，運動量充足，肌肉張力良好，臘腸犬的壽命可以達到 12 至 16 年。為了防止臘腸犬的長背部椎間盤受損，請注意不要讓它變得超重，並始終監控它的活動，以避免背部受傷。與大多數有垂耳的狗一樣，臘腸犬如果耳朵沒有保持清潔，也容易患上耳部感染。","髕骨評估 |心臟檢查 |眼科醫師評估","臘腸犬需要高品質、適合其年齡（幼犬、成年犬或老年犬）的飲食來滿足其營養需求。給你的臘腸犬餵食美國飼料管理協會 (AAFCO) 批准的食物，以確保食物中的成分符合既定標準。
避免給臘腸犬餵食餐桌上的殘羹剩飯和動物骨頭；它們可能導致嘔吐，腹瀉，厭食或胃腸道阻塞。許多人類食物的脂肪含量也很高，這會導致包括胰臟炎在內的嚴重併發症。
您的獸醫可能會建議一種專門針對牙齒護理的飲食，以減少臘腸犬牙齒上積聚的牙菌斑和牙垢的數量。","一般來說，臘腸幼犬每天應餵食三至四次，成年犬則每天應餵食兩次。
為小型犬配製的飲食非常適合臘腸犬，因為它們的食物顆粒通常較小，更容易咀嚼。與您的獸醫討論如何為您的臘腸犬選擇最好的狗糧。","食用 AAFCO 認可飲食的狗將從其食物中獲取所有所需的營養。但是您的獸醫可能會推薦為您的臘腸犬提供膳食補充劑以支持您的狗的背部和眼睛健康，包括：
葡萄糖胺、軟骨素和甲基磺酰甲烷 (MSM) 補充劑可促進關節健康。
Omega-3 脂肪酸（魚油）具有抗炎特性，可促進皮膚和毛髮健康。
某些抗氧化劑和維生素可以減輕眼睛中特殊晶狀體細胞的壓力並延緩白內障的發展。"
"7","玩具貴賓犬","不超過 25.4 公分","1.8-2.7 公斤","10-18 年","大多數玩具貴賓犬都過著長壽、快樂和健康的生活，這要歸功於盡職盡責的飼養者的努力，他們定期對所有繁殖的貴賓犬進行檢測。但是，與所有品種一樣，也可能出現一些健康問題，包括髖關節發育不良和幾種眼部疾病。此品種有時也會出現特發性癲癇、皮脂腺炎、血管性血友病和免疫介導的疾病。玩具貴賓犬和迷你貴賓犬比標準貴賓犬更容易出現兩種骨科問題，即萊格-卡韋-佩爾塞斯症候群和髕骨脫位。","髕骨評估 |眼科醫師評估 |進行性視網膜萎縮，PRCD (PRA-prcd，PRCD) - DNA 測試","餵食符合美國飼料管理協會 (AAFCO) 制定的營養標準的商業粗磨飼料或濕糧是確保您的玩具貴賓犬獲得完整均衡飲食的好方法。
應該給小狗餵食專門為小狗配製的食物或適合所有生命階段的食物。對於玩具貴賓犬成年犬，獸醫可能會建議以牙齒為重點的飲食，以幫助預防牙齒疾病。
與您的獸醫討論適合您的狗的最佳食物。一些品牌，包括皇家寵物食品，甚至專門為貴賓犬幼犬和成年犬製作狗糧。","因為玩具貴賓犬是小型犬，所以每天餵食兩到三次就可以了。然而，玩具貴賓犬幼犬應該每天按時吃三到四頓小餐，以幫助維持血糖並防止低血糖。","一些玩具貴賓犬可能會從在其飲食中添加 Omega-3 脂肪酸 (DHA/EPA) 中受益。
皮膚和關節補充劑、魚油，甚至一些專門配製的狗糧中都含有 Omega-3 脂肪酸。這些脂肪酸起到天然抗發炎劑的作用，有助於保護皮膚、毛髮、腎臟、關節和心臟。"
"8","巨型貴賓犬","超過 38.1 公分","18.1-22.7 公斤","10-18 年","大多數貴賓犬都過著長壽、快樂和健康的生活，這要歸功於盡心盡力、負責任的飼養者的努力，他們定期對所有繁殖的牲畜進行檢測。但是，與所有品種一樣，也可能出現一些健康問題，包括髖關節發育不良和幾種眼部疾病。此品種有時也會出現特發性癲癇、皮脂腺炎、血管性血友病和免疫介導的疾病。玩具貴賓犬和迷你貴賓犬比標準貴賓犬更容易出現兩種骨科問題，即萊格-卡韋-佩爾塞斯症候群和髕骨脫位。標準品種更容易出現胃擴張、扭轉（膨脹）和皮脂腺炎。","髖關節評估 |眼科醫師評估 |新生兒腦病變伴隨癲癇的 DNA 測試 (NEwS) 或透過親子關係明確 (僅限標準) |自體免疫性甲狀腺炎評估（僅標準）|血管性血友病 I (VWDI) - DNA 測試","標準貴賓犬是運動型犬，需要適合大型犬的營養全面的飲食。如果您的貴賓犬每天運動幾個小時，建議採用運動型飲食，因為它可以提供更多的熱量。避免食用人類食物和餐桌上的剩菜，以防止胃腸道問題。","讓標準貴賓犬的卡路里攝取量與其生活方式和能量相匹配很重要。貴賓犬的體型非常瘦，並且容易患髖關節發育不良引起的關節炎，因此不要過度餵食，並要注意狗糧袋上製造商的建議。
貴賓犬每天應該餵食兩次。如果您的狗吃得太快，有嘔吐和腹脹的風險，請使用慢食碗餵食。","由於標準貴賓犬容易患有髖關節發育不良，因此應服用含有葡萄糖胺和軟骨素的關節補充劑。選擇非處方補充劑時要小心，因為許多補充劑並不含有包裝上列出的成分量。您的獸醫可以告訴您它們喜歡的品牌——一些受歡迎的選擇包括 Dasuquin 和 GlycoFlex。"
"9","柴犬","34.3-39.4 公分","7.7 公斤","13-16 年","柴犬和大多數犬種以及人類最常見的健康問題是過敏。對狗來說，過敏表現為皮膚刺激和搔癢。目前沒有辦法對種畜進行測試，但患有活動性過敏症的狗不應繁殖。除非能確定過敏原的來源，否則大多數患有過敏的狗都可以像人類一樣，透過治療症狀的產品過正常的生活。過敏通常在狗狗至少 6 個月大時才會顯現出來。負責任的飼養者會對牲畜進行健康檢查，例如髖關節發育不良、眼部疾病和髕骨脫位等。","髕骨評估 |髖關節評估 |眼科醫師評估","給你的柴犬餵食美國飼料管理協會 (AAFCO) 批准的食物。這意味著該食品經過認證，含有均衡飲食所需的標準成分和營養成分。
含有葡萄糖胺以支持關節和增加脂肪酸以支持皮膚的飲食是柴犬的理想選擇。與您的獸醫交談，找出哪種食物最適合您的小狗的需求。","柴犬可以餵食乾糧或罐頭食品。理想情況下，成年人應該每天餵食兩次。柴犬幼犬需要更頻繁地進食－每天三到四次。
這些狗往往是草食動物。如果您有多隻狗，請確保您的柴犬不會吃超過其份量的食物。電子餵食器（例如使用寵物微晶片的餵食器）有助於確保每隻狗隻能吃到自己的粗磨食物。
不要餵食過多，因為這會導致肥胖和一系列其他健康問題。","柴犬容易患關節炎，尤其是患有髕骨脫位的犬。含有葡萄糖胺的優質關節補充劑有助於減緩關節問題的發展或進展。給你的柴犬餵食脂肪酸補充劑（例如魚油）也可能有幫助，有助於皮膚和毛髮的健康。
如果您認為您的狗可以從補充劑中受益，請諮詢您的獸醫，並且切勿在沒有獸醫指導的情況下餵食您的狗補充劑。"
"10","雪納瑞","30.5-35.6 公分","5.0-9.1 公斤","12-15 年","迷你雪納瑞通常是一種健康的犬種。此品種易患一些疾病，包括白內障、高血脂、胰臟炎、肝分流和尿結石。負責任的飼養者會對種畜進行檢測，以發現可能影響該品種的健康問題。主人應密切注意狗的整體狀況，如有任何問題或疑慮，請諮詢獸醫。牙齒護理是整體健康的重要方面，應該經常給狗狗刷牙。","心臟檢查 |眼科醫師評估","迷你雪納瑞雖然體型較小，但需要均衡的飲食來為活躍的生活方式提供能量。它們應該餵食經美國飼料管理協會批准並專為小型犬配製的狗糧。","成年犬應每天餵食兩次，但迷你雪納瑞幼犬可以定期餵食少量、多次的餐食（每天三到四次）。","您的愛犬應該從 AAFCO 認可的狗糧中獲取其所需的所有營養。您的獸醫可以指導是否需要額外的補充品。"
"11","拉布拉多","54.6-59.7 公分","24.9-31.8 公斤","11-13 年","拉布拉多犬整體來說都是健康的，負責任的飼養者會篩檢種犬的狀況，包括肘關節和髖關節發育不良、心臟病、遺傳性肌肉病變（肌肉無力）和眼部疾病，包括進行性視網膜萎縮。一些年輕的成年實驗室可能會出現一種稱為運動誘發虛脫（EIC）的狀況； DNA測試可以讓飼養者識別攜帶者並規劃飼養以避免疾病。與其他大型、胸深的狗一樣，拉布拉多犬可能會患上一種危及生命的胃病，稱為胃脹。主人應該了解發生這種情況的症狀，以及發生這種情況時該怎麼做。","髖關節評估 |肘部評估 |眼科醫師評估 | D 基因座（稀釋） - DNA 測試 |中心核肌病變 (CNM) - DNA 測試 |進行性視網膜萎縮，PRCD (PRA-prcd, PRCD) - DNA 測試 |運動誘發虛脫 (EIC) - DNA 測試","拉布拉多獵犬幼犬應該餵食專為大型犬種製作的高品質幼犬食品，直到它們 1 歲。一旦它們成年，就需要過渡到適合大型犬的高品質成犬食品。
確保您選擇的狗糧符合美國飼料管理協會 (AAFCO) 設定的營養標準。一些品牌，例如 Royal Canin®，生產專門針對拉布拉多犬的狗糧，其配方經過科學配製，可以滿足該犬種的營養需求。","拉布拉多獵犬最好每天早晚餵食兩次。這種品種的狗喜歡吃東西，而且吃得很快。
如果您發現您的狗狼吞虎嚥地吃食物，請考慮使用慢食碗。這將調節您的狗一次可以吃的食物量，並防止它們吃得太快而發生的反流和胃部不適。","食用符合 AAFCO 標準的飲食的狗應該能夠獲得所有必需的營養，不需要額外的補充。然而，對於有某些健康問題的拉布拉多犬來說，在飲食中添加狗補充劑可能會有益。
例如，Nutramax® Dasuquin® 和 Cosequin® 等補充劑可以幫助患有髖關節或肘關節發育不良的拉布拉多犬，並有助於減緩關節炎的發作。魚油補充劑還可以幫助減少關節炎症，同時促進毛髮和皮膚健康。
在沒有先諮詢獸醫的情況下，切勿給你的狗餵食補充劑。"
"12","黃金獵犬","54.6-57.2 公分","24.9-29.5 公斤","10-12 年","黃金獵犬通常是健康的狗，負責任的飼養者會對其種畜進行健康檢查，包括肘部和髖關節發育不良；青少年白內障、色素性葡萄膜炎及進行性視網膜萎縮等眼部疾病；以及某些心臟疾病，包括主動脈瓣下狹窄。應每週檢查黃金獵犬的耳朵是否有感染跡象，並應經常刷牙。","髖關節評估 |肘部評估 |心臟檢查 |眼科醫師評估 |神經元蠟樣脂褐素沉積症 5（黃金獵犬）（NCL、NCL5）- DNA 測試","根據獸醫的建議，黃金獵犬幼犬應該餵食大型優質幼犬配方奶粉，直到它們 12 至 18 個月大。一旦它們成熟，就需要從幼犬食品過渡到大型犬高品質的成年犬食品。
選擇符合 AAFCO（美國飼料管理協會）標準的食物是一個很好的開始，您的獸醫可以幫助您縮小選擇範圍，為您的金毛獵犬找到最好的食物。
有些品牌專門為黃金獵犬製作特定品種的狗糧。詢問您的獸醫這對您的狗來說是否是一個好的選擇。","成年黃金獵犬最好每天早晚餵食兩次。黃金獵犬幼犬需要更頻繁地進食——每天大約三到四次，並且要有規律。
黃金獵犬喜歡吃東西，所以慢食碗或互動食物拼圖可以很好地幫助它們減慢進食速度，防止消化問題，並讓它們開心地用大腦獲取食物。如果您的狗吃得太快，可能會導致嘔吐和其他問題。","健康的黃金獵犬如果遵循 AAFCO 標準的飲食，就能獲得完整均衡的營養，無需添加維生素和礦物質。但是，如果您的金毛犬患有某種疾病，您的獸醫可能會推薦狗配方的補充劑。
您的獸醫可能會推薦一種關節補充劑來幫助減緩關節損傷和發炎。 Omega-3 脂肪酸（魚油）補充劑有助於減少關節和皮膚的炎症，使毛髮更有光澤。
益生菌可以幫助為患有消化問題的黃金獵犬的胃腸道提供健康的細菌。
在給你的小狗餵食任何補充劑之前，請先諮詢你的獸醫。"
"13","法國鬥牛犬","27.9-33.0 公分","小於 12.7 公斤","10-12 年","由於法國鬥牛犬的身體前部較重，因此不會游泳，因此切勿將其留在浴缸、游泳池或水體附近而無人看管。像所有扁平臉品種一樣，法國鬥牛犬容易出現呼吸問題，並且在炎熱或潮濕的天氣下表現不佳。扁臉品種對麻醉也較敏感。法國鬥牛犬偶爾會患有櫻桃眼、青少年白內障或眼瞼內翻等眼部疾病，也會患上皮膚過敏和自體免疫性皮膚病。負責任的飼養者會利用現有的測試來篩檢種畜是否有可能影響品種的疾病。","髕骨評估 |髖關節評估 |心臟檢查 |眼科醫師評估","法國鬥牛犬應餵食美國飼料管理協會 (AAFCO) 批准的均衡、適合其生命階段的狗糧。避免餵食過多，因為肥胖會增加背部受傷的風險，並可能加劇任何潛在的呼吸道問題。","法國鬥牛犬成年後應每天餵食兩頓飯，幼犬時期則應每天餵食三到四頓飯，時間要固定。為您的小狗提供適合其生命階段的完整飲食非常重要。法國鬥牛犬幼犬應該吃幼犬食品，直到 1 歲。建議 1 至 7 歲的法國鬥牛犬使用成年犬糧，而對於年齡較大的法國鬥牛犬，建議使用老年犬糧。
再次強調，如果您的法國鬥牛犬變得超重，請避免過度餵食並改用限制熱量的飲食。","法國鬥牛犬可能需要優質的 omega-3 補充劑來維護其皮膚和毛髮。 Omega-3 必需脂肪酸可增強皮膚抵抗細菌和酵母過度生長的天然能力。此外，必需脂肪酸可以減少發炎並維持關節健康。"
"14","比熊犬","24.1-29.2 公分","5.4-8.2 公斤","14-15 年","比熊犬通常是健康的狗，負責任的飼養者會對種畜進行健康狀況篩檢，例如過敏、膀胱感染、髕骨脫位、白內障和其他眼部疾病。如果不重視牙齒護理和定期刷牙，比熊犬可能會早期出現牙齒脫落或牙齦感染併發症。為了避免耳部感染，建議定期清潔耳朵。","髕骨評估 |髖關節評估 |眼科醫師評估","比熊犬適合食用符合美國飼料管理協會 (AAFCO) 營養需求的高品質商業飲食。食物應根據您愛犬的生命階段來配製，即：
比熊犬幼犬可以獲得高品質的幼犬食品。
成犬必須過渡到成年犬糧。
老年人可能會受益於老年犬糧。
這些狗狗最適合吃小型犬食物；您也可以找到特定品種的狗糧。","成年比熊犬每天至少吃兩餐就好了。比熊犬幼犬可能需要更頻繁地進食以減少低血糖症（低血糖）的機會。請諮詢您的獸醫，以獲得有關您的狗的最佳餵食時間表的指導。
比熊犬喜歡玩遊戲和解謎。因此，您不必用普通的狗碗餵食它們，而是可以將食物藏在互動食物拼圖、舔墊和嗅聞墊中。","由於比熊犬容易患牙齒疾病，因此餵食它們專門用於清潔牙齒的食物是有益的。經獸醫口腔健康委員會 (VOHC) 批准的飲食或零食將有助於您的比熊犬在牙科檢查和清潔之間保持牙齒健康。
儘管牙齒咀嚼物不能代替定期刷牙，但它也有助於減少口腔細菌。"
"15","西高地白梗","25.4 公分","6.8-9.1 公斤","13-15 年","西高地白梗犬通常是健康的狗，負責任的飼養者會對其犬隻進行健康檢查，例如心臟病和髕骨脫位。應該經常用專為狗配製的牙膏給西高地白梗刷牙。定期去看獸醫進行檢查和寄生蟲控制有助於確保狗狗長壽、健康。","髕骨評估 |髖關節評估 |眼科醫師評估 |顱顎骨整骨術","給你的狗餵食美國飼料管理協會 (AAFCO) 批准的商業粗磨飼料或濕糧是確保你的西高地白梗獲得完整均衡飲食的好方法。
西高地白梗幼犬應餵食專為幼犬配製的食物或指定用於「所有生命階段」的食物。對於成年西高地白梗，您的獸醫可能會建議以牙齒為重點的飲食，以幫助預防牙齒疾病。","成年西高地白梗應該每天餵食兩次定量的食物。每天應給西高地白梗幼犬餵食至少三頓飯，以防止低血糖。避免過度餵食或隨意餵食你的狗，因為這會導致肥胖。","在西高地白梗的飲食中添加 Omega-3 脂肪酸 (DHA/EPA) 可能會對其有益。皮膚和關節補充劑、魚油，甚至一些專門配製的狗糧中都含有 Omega-3 脂肪酸。
這些脂肪酸起到天然抗發炎劑的作用，有助於保護皮膚、毛髮、腎臟、關節和心臟。請務必先與您的獸醫討論建議的補充劑，並且切勿在未經獸醫同意的情況下給您的西高地白梗服用補充劑。"
"16","柯基","25.4-30.5 公分","不超過 12.7 公斤","12-13 年","彭布羅克馬通常是一種健康的品種，負責任的飼養者會篩檢其牲畜的健康狀況，例如肘關節和髖關節發育不良、眼部疾病、心臟問題、退化性脊髓病和出血性疾病——血管性血友病。與所有品種一樣，應每週檢查彭布羅克貓的耳朵是否有感染跡象，並應定期刷牙。","髖關節評估 |眼科醫師評估","彭布羅克威爾斯柯基犬和所有其他狗一樣，以美國飼料管理協會 (AAFCO) 批准的高品質、完整、均衡的飲食為食。
彭布羅克山羊很容易超重，因此請注意觀察它們的進食量，以及這是否會導致它們體重增加。如果是這樣，建議低熱量飲食，並盡量少吃或不吃零食或人類食物。
新鮮的蔬菜和水果，如胡蘿蔔、藍莓、黃瓜和蘋果（去掉種子和核）都是彭布羅克犬的低熱量零食，尤其是在訓練期間。對於像彭布羅克犬這樣容易出現骨科問題的狗來說，保持苗條和健康的體重也是最好的。 Hill&#39;s/Science Diet、Royal Canin 和 Purina 是最推薦的狗糧品牌。","一歲以下的彭布羅克威爾斯柯基犬應採用專為幼犬配製的飲食。幼犬配方奶粉中添加了營養物質，以幫助狗狗在生命中這段關鍵時期的智力和身體發育。
一歲以後，應該會給你的彭布羅克犬換上標示成犬專用的食物。當您的狗長到 7-8 歲時，請與您的獸醫討論改用老年飲食以滿足這個年齡層的特殊需求。這些老年人的飲食通常更清淡，並添加了維生素和補充劑，例如有益於關節健康的葡萄糖胺。","一般來說，如果狗狗的飲食均衡、符合 AAFCO 批准，它們就能獲得生長發育所需的所有必需維生素和礦物質。根據不同的生命階段，你的彭布羅克犬可能需要額外的補充，包括：
關節補充品－葡萄糖胺、軟骨素和 MSM 補充劑對促進關節健康非常有益。 MSM 具有純天然的抗發炎特性。研究表明，減少發炎有助於控制與骨關節炎相關的疼痛，骨關節炎是患有關節問題的狗的常見問題。
必需脂肪酸－Omega-3 脂肪酸（高品質魚油）被認為在適當劑量下也具有抗發炎特性。眾所周知，它們還有助於改善眼睛和心臟狀況。
益生菌－用於改善消化系統健康、增強狗的免疫力、提高抵抗疾病的能力、幫助治療泌尿道感染，並透過降低過敏原吸收到腸道/血液中的能力來減少過敏反應。一般來說，健康的狗狗無需益生菌就能維持這種平衡，但在生病、有壓力或營養不良的時候，益生菌有助於恢復身體平衡。"
"17","哈士奇","50.8-55.9 公分","15.9-22.7 公斤","12-14 年","西伯利亞哈士奇犬通常是一種健康、壽命相對較長的犬種，並且在老年期仍然非常活躍。雖然所有品種的西伯利亞哈士奇都存在一些健康問題，例如癌症和關節炎，但大多數西伯利亞哈士奇都是健康的狗。髖關節發育不良和眼部疾病的發生率相對較低，兩種新發現的神經系統疾病的發生率也較低。它們被培育用於在低溫環境下，以最少的食物，以中等速度長距離拉動輕負載，與同等大小的其他品種相比，它們可以用更少的食物維持健康的體重。這是一種活躍的品種，為了獲得最佳健康，應該給它們餵食高品質的蛋白質食物。體重保持最佳、不超重的狗狗可以活得更健康、更長壽。他生性愛乾淨，身上沒有任何異味。","髖關節評估 |眼科醫師評估 |西伯利亞哈士奇搖晃小狗症候群 1 型（SPS1）|西伯利亞雪橇犬多發性神經病變 1 型（SHPN1）","獸醫建議寵物主人餵食所有狗符合美國飼料管理協會 (AAFCO) 制定的營養標準的食物，西伯利亞哈士奇也不例外。
您的狗的食物也應該與其生命階段相符：
哈士奇幼犬（1歲以下）應吃高品質的幼犬食品。
成年哈士奇應該換成成犬配製的食物。
年齡較大的哈士奇犬（7 歲及以上）可從老年犬糧中受益。
您的獸醫可以幫助您確定餵養狗的最佳食物。","白天給哈士奇吃少量多餐，以幫助其保持最高效率的新陳代謝並防止肥胖。不要把食物整天放在外面給它們吃，因為哈士奇很容易吃太多。
相反，每天在固定的時間給你的小狗餵兩到三頓飯。西伯利亞哈士奇幼犬需要更頻繁地進食，每天大約三到四頓。","因為哈士奇喜歡每天都進行令人心跳加速的運動，所以要餵食它們符合 AAFCO 指導方針的良好商業飲食。
健康的哈士奇不需要在飲食中添加補充劑，但獸醫可能會根據具體情況推薦某些狗補充劑，例如關節補充劑。"
"18","薩摩耶","48.3-53.3 公分","15.9-22.7 公斤","12-14 年","薩摩耶犬一般都是健康的狗，負責任的飼養者會對其犬隻進行健康檢測，例如髖關節發育不良、眼睛和心臟疾病。應該經常給薩摩耶犬刷牙，並使用專為狗設計的牙膏。定期去看獸醫進行檢查和寄生蟲控制有助於確保狗狗長壽、健康。","髖關節評估 |心臟檢查 |眼科醫師評估 |視網膜發育不良/眼骨骼發育不良 2 (RD/OSD, OSD2) - DNA 測試 |進行性視網膜萎縮，X-Linked1 (XLPRA1) - DNA 測試","1歲以下的薩摩耶幼犬需要符合美國飼料管理協會（AAFCO）制定的營養標準的高品質幼犬食品。應為年齡較大的薩摩耶犬（7 歲及以上）提供符合 AAFCO 標準的高品質老年犬食品。
經常進行放牧、滑雪橇或其他劇烈運動的薩摩耶犬需要高品質的狗糧，其蛋白質含量高於一般家犬的狗糧。對於不太活躍的家庭伴侶，應避免在白天過度餵食或提供過量的零食，以防止您的狗肥胖。
請務必諮詢您的獸醫，他可以幫助您根據狗的特定需求選擇最佳的食物。再次強調，患有 SHG 的薩摩耶犬應被餵食高品質、限制蛋白質、對腎臟有益的飲食，以幫助減緩病情進展。","與大多數犬種一樣，成年薩摩耶犬每天餵食兩次（早上和晚上）是合適的。薩摩耶幼犬可能需要多吃幾餐（每天三到四餐）。應始終提供淡水。","對於非常活躍的薩摩耶犬，添加葡萄糖胺和ω-3補充劑（如魚油）有助於促進關節健康。市面上還有一些含有添加的 omega-3 和/或葡萄糖胺的商業關節健康狗糧。
在為您的狗的飲食添加補充劑之前，請務必與您的獸醫交談。"
"19","杜賓犬","61.0-66.0 公分","27.2-40.8 公斤","10-12 年","雖然杜賓犬總體上是健康的，但該品種也容易出現某些疾病。其中之一就是腹脹，這是一種危及生命的消化系統疾病，主人應該了解其症狀並知道一旦發生該怎麼做。可能影響此品種的遺傳健康狀況包括髖關節發育不良、擴張型心肌病變（心臟擴大）、血管性血友病（凝血障礙）、進行性視網膜萎縮、白化病和甲狀腺功能減退症。負責任的飼養者會透過醫學測試篩檢其種畜的健康狀況。切勿從未對種畜進行過這些情況的基因檢測的飼養者那裡購買小狗或狗。","髖關節評估 |心臟檢查 |眼科醫師評估 |甲狀腺評估 |血管性血友病 I (VWDI) - DNA 測試","餵食美國飼料管理協會 (AAFCO) 批准的商業粗磨飼料或濕糧是確保您的杜賓犬獲得完整均衡飲食的好方法。
這些狗需要易於消化的蛋白質來維持肌肉（包括心臟）的健康。飲食中添加 Omega-3 脂肪酸 (DHA/EPA) 有助於維持皮膚、毛髮、腎臟和心臟的健康。","未找到 'How To Feed' 相關的 <h3> 標籤","與您的獸醫討論在您的杜賓犬的飲食中添加 omega-3 脂肪酸 (DHA/EPA)。它們起到天然抗發炎的作用，有助於保護皮膚、毛髮、腎臟、關節和心臟。您的杜賓犬也可能受益於關節補充劑，尤其是髖關節發育不良的杜賓犬。
在給你的狗餵食補充劑之前，請務必先諮詢你的獸醫。"
"20","大丹犬","71.1-76.2 公分","49.9-63.5 公斤","7-10 年","胃脹氣，或稱胃擴張-扭轉（GDV），是丹麥人的頭號殺手。主人應該學會識別腹脹可能發生的跡像以及發生腹脹時應該採取的措施。許多飼養者和主人考慮進行一種稱為預防性胃固定術（「預防性固定」）的手術，以幫助預防 GDV 的一些更嚴重的問題。可能影響該品種的其他健康問題包括眼部和心臟疾病、甲狀腺功能減退症和自體免疫性甲狀腺炎以及髖關節發育不良。負責任的飼養者會篩檢繁殖牲畜是否有可能影響品種的狀況。","髖關節評估 |心臟檢查 |眼科醫師評估 |甲狀腺評估","大丹犬需要吃專為大型犬製作的高品質狗糧。餵食專為大型犬配製的均衡商業飲食是確保您的大丹犬獲得最佳營養的最簡單方法。
大丹犬幼犬應該吃大型犬幼犬食品，直到它們 18 個月大。標記為「所有生命階段」的飲食並不適合這種大小的狗，因為大丹犬的身高比小型犬長得快得多，而且它們的骨骼生長時間更長。
作為大型犬種，大丹犬可能還需要更多的關節支撐。許多飲食都是考慮到這一點而製定的，並且含有比中型或小型犬所需的更高水平的葡萄糖胺和軟骨素。","餵養大丹犬時，降低感染 GDV 的風險非常重要。以下是餵食期間保護大丹犬的一些方法：
建議使用慢速餵食器以防止您的狗吃得太快。它們具有多種不同的圖案和顏色，對狗的舌頭來說就像一個迷宮。
不要每天只給你的狗吃一頓飯，而是要餵兩餐或更多少量的飯。
不要讓你的狗在飯後一到兩小時內運動。
避免使用高架食盆，因為這現在被認為會增加GDV的發生率。","如果餵食經美國飼料管理協會 (AAFCO) 批准的狗糧，大丹犬應該能夠獲得所有必需的營養。然而，關節補充劑對該品種是有益的。
許多寵物主人開始給他們的大丹犬服用關節補充劑，例如 Nutramax® Dasuquin®，以減緩其臀部、膝蓋和肘部的退化。"
"21","羅威納","55.9-63.5 公分","36.3-45.4 公斤","9-10 年","在繁殖之前，負責任的羅威納犬飼養者會對潛在的公犬和母犬進行健康問題測試，例如髖關節發育不良（一種可以透過 X 光檢測出的髖關節畸形）；眼部疾病和心臟病。正如所有的狗一樣，該品種有時會發生癌症。傑拉爾德 P. 墨菲癌症基金會的 David Waters 博士、獸醫，曾進行過由羅威納犬健康基金會資助的癌症預防研究。沃特斯博士發現，癌症和長壽與精心的疫苗接種方案有關，從而增強免疫系統，並使男性和女性至少在六歲之前保持完整。","髖關節評估 |肘部評估 |心臟檢查 |眼科醫師評估 |青少年喉部麻痺和多發性神經病變 (JLPP) - DNA 測試","餵養任何狗（包括羅威納犬）的首要規則是提供與其生命階段相符的食物。幼犬要餵幼犬糧，成年犬要餵成年犬糧，老年犬要餵老年犬糧。
選擇經美國飼料管理協會（AAFCO）批准的狗糧。一些寵物食品公司甚至專門為羅威納犬開發了飲食，這些飲食通常是合適的。您的獸醫可以幫助您為您的狗選擇最佳的食物。","羅威納犬幼犬每天應餵食三到四次，以防止低血糖。它們還需要足夠的熱量來維持生長和新陳代謝。建議先餵食幼犬飼料，直到羅威納犬長到 12 個月大，然後再過渡到成犬飼料。
成年羅威納犬每天可以餵食兩次。堅持定量、定時餵食對避免肥胖非常重要。給羅威納犬餵食多餐也有助於防止腹脹和 GDV，如果您的狗每天只吃一頓大餐，則更有可能發生這兩種情況。
其他避免危及生命的 GDV 的提示包括：
避免使用高架食盆
不要在飯前或飯後立即鍛鍊羅威納犬
如果你的狗吃太多、太快，可以嘗試使用慢食碗","諮詢獸醫有關您愛犬的最佳膳食補充劑非常重要。他們可能會推薦給羅威納犬的補充劑，例如：
Omega-3、-6 和 -9 脂肪酸補充劑，可支持關節、皮毛和心臟功能。
含有葡萄糖胺、軟骨素和甲基磺酰甲烷（MSM）的關節補充劑，有助於預防關節炎。"
"22","鬆獅犬","43.2-50.8 公分","20.4-31.8 公斤","8-12 年","鬆獅犬的健康問題可能包括眼瞼內翻、髖關節發育不良、肘關節發育不良、過敏和甲狀腺功能。這些問題可以透過健康檢查、負責任的繁殖和定期的醫療保健來盡量減少，並可以透過獸醫護理來診斷和管理。在鬆獅俱樂部 (Chow Chow Club, Inc.) 的網站上可以找到有關該品種健康狀況的廣泛而詳細的資訊。","髕骨評估 |髖關節評估 |肘部評估 |眼科醫師評估 |甲狀腺評估","鬆獅犬不需要太多的活動，大多數每天散步幾次 20 分鐘即可。但他們悠閒的生活方式使他們更容易患上肥胖症以及與之相關的其他健康問題，如糖尿病、青光眼和關節炎。
因此，掌握鬆獅犬的營養是寵物主人的重要任務。這些狗需要吃營養均衡的狗糧，這種狗糧要適合它們的生命階段（幼犬、成犬或老年犬）並符合美國飼料管理協會 (AAFCO) 的指導方針。","狗狗進食後可能會發生 GDV，因此，在給鬆獅犬進食時應多加小心。為了降低危險狀況的風險：
每天給你的狗吃多頓飯，而不是一頓大餐。成年鬆獅犬每天應該至少吃兩頓飯，而鬆獅幼犬每天可以吃三到四餐。
不要讓你的狗在吃飯前或吃飯後直接運動。
為了讓鬆獅犬在進食時慢下來，請嘗試使用慢食碗餵食它們。
不要用高高的食盆餵狗。這些被認為會增加腹脹和 GDV 的風險。","食用符合 AAFCO 標準的飲食的健康狗將從狗糧中獲取所有必需的營養。但是由於鬆獅犬容易出現多種毛髮和關節問題，因此最好與您的獸醫討論適合您的狗的補充劑。
含有軟骨素和葡萄糖胺的關節補充劑有助於保持關節健康，而歐米茄脂肪酸（如魚油）具有抗發炎特性。"
"23","米格魯","33.0-38.1 公分","9.1-13.6 公斤","10-15 年","負責任的飼養者會對種畜進行健康檢查，例如髖關節發育不良、甲狀腺功能減退、癲癇、髕骨脫位（膝蓋骨脫臼）和眼部疾病等。與所有品種一樣，比格犬的耳朵應每週檢查一次，並且應定期刷牙。","髖關節評估 |心臟檢查 |眼科醫師評估 |甲狀腺評估 |穆斯拉丁-盧克症候群 (MLS) - DNA 測試","如上所述，比格犬喜歡食物，而且容易肥胖。通常情況下，按照生產商的說明使用營養均衡的商業狗糧並定期鍛煉將使您的比格犬保持健康的體重。尋找符合美國飼料管理協會（AAFCO）規定的標準的狗糧。
然而，如果您的小獵犬變得超重，您的獸醫可能會建議您採用限制熱量的飲食。
一些製造商也為比格犬生產特定品種的食物。向您的獸醫諮詢如何選擇最好的狗糧。","應該定期給比格犬餵食食品製造商建議的量，通常每天兩到三次，以保持其新陳代謝。不應讓比格犬整天吃草。
比格犬幼犬需要比成犬吃得更頻繁（每天最多四餐），以防止低血糖。根據狗的生命階段來餵養牠很重要——幼犬需要幼犬配方的食物，成年犬需要成犬配方的食物，老年犬需要老年犬配方的食物。
有些比格犬會吃得太快，導致窒息或嘔吐未消化的食物。為了幫助飢餓的小獵犬放慢速度（並讓它們保持愉快），請使用慢食碗，這樣它們就會努力尋找食物。","食用符合 AAFCO 標準的飲食的健康狗不需要任何補充劑，因為它們將獲得所有所需的營養。但是，根據您的比格犬的健康狀況，獸醫可能會推薦一種狗補充劑。
比格犬還可以從敏感皮膚專用食物中受益，這些食物通常富含 omega-3 脂肪酸，有助於減少發炎。如果您的獸醫懷疑您的小狗有食物過敏，他們可能會開處方飲食來幫助它。"
"24","邊境牧羊犬","45.7-53.3 公分","13.6-24.9 公斤","12-15 年","邊境牧羊犬通常是一種非常耐寒且健康的犬種，負責任的飼養者會對種畜進行健康篩檢，例如髖關節發育不良、進行性腎萎縮、耳聾、癲癇、牧羊犬眼異常、神經元蠟樣脂褐素沉積症和嗜中性球滯留症候群等。應定期檢查BC的耳朵是否有感染跡象，並應定期刷牙。","髖關節評估 |眼科醫師評估","給你的邊境牧羊犬餵食蛋白質含量較高的高品質食物，以支持它們的高活動量和肌肉。富含 Omega-3 脂肪酸的食物也有助於保持它們的皮毛光澤和關節健康。
請諮詢您的獸醫，確定哪種食物最適合您的邊境牧羊犬，但一個好的開始是選擇經美國飼料管理協會 (AAFCO) 批准的食物。 AAFCO 核准表示該食品符合寵物食品的標準營養要求和規定。
給邊境牧羊犬餵食適合其生命階段的食物也很重要。可以餵食高品質的幼犬食品，直到您的邊境牧羊犬幼犬長到 12 至 18 個月大。然後，換成成年階段的食物。","由於邊境牧羊犬非常活躍，因此這種犬種的肥胖現像很少見。成年犬每天可以餵食兩次。邊境牧羊犬幼犬需要按時每天吃三頓飯，以防止低血糖。
由於這種犬種非常聰明，它們可能喜歡用互動玩具和益智餵食器餵食。這也將提供急需的精神刺激。","邊境牧羊犬的所有營養都來自經 AAFCO 認可的狗糧。然而，根據獸醫的建議，它們可以從某些補充劑中受益。例如，如果您的狗被診斷出患有髖關節發育不良，您的獸醫可能會開立關節補充劑來維持軟骨健康。"
